filename,width,height,class,xmin,ymin,xmax,ymax
Pantene43.jpg,1280,982,Pantene,122,129,573,982
Pantene43.jpg,1280,982,Pantene,572,1,1059,977
Tide68.jpg,1024,768,Tide,88,444,226,566
Tide68.jpg,1024,768,Tide,266,438,408,568
Tide68.jpg,1024,768,Tide,459,385,601,503
Tide68.jpg,1024,768,Tide,674,381,804,505
Ariel8.jpg,2000,2000,Ariel,640,818,1365,1539
Tide54.jpg,1024,1024,Tide,88,283,310,655
Tide54.jpg,1024,1024,Tide,335,261,696,627
Tide54.jpg,1024,1024,Tide,732,282,936,626
Tide40.jpg,800,533,Tide,287,165,526,385
Tide1.jpg,500,500,Tide,174,204,338,359
Pampers75.jpg,576,768,Pampers,146,169,473,628
w48.jpg,800,800,Whisper,1,51,793,753
Pampers61.jpg,576,768,Pampers,23,469,471,768
Pampers61.jpg,576,768,Pampers,105,1,490,338
Pampers49.jpg,800,600,Pampers,1,205,209,346
Pampers49.jpg,800,600,Pampers,4,93,237,231
Pampers49.jpg,800,600,Pampers,223,214,494,358
Pampers49.jpg,800,600,Pampers,612,273,792,386
Pampers49.jpg,800,600,Pampers,609,160,755,290
w60.jpg,800,800,Whisper,14,65,772,498
Pampers48.jpg,800,600,Pampers,76,75,285,252
Pampers48.jpg,800,600,Pampers,296,68,529,273
Pampers48.jpg,800,600,Pampers,42,240,282,434
Pampers48.jpg,800,600,Pampers,292,246,521,440
Pampers48.jpg,800,600,Pampers,527,260,762,459
w61.jpg,500,500,Whisper,7,113,494,380
w49.jpg,850,995,Whisper,30,108,834,890
Pampers60.jpg,576,768,Pampers,6,1,559,512
Pampers74.jpg,576,768,Pampers,52,267,403,685
Tide55.jpg,768,1024,Tide,231,366,621,703
Ariel9.jpg,256,256,Ariel,85,148,163,211
Tide69.jpg,800,600,Tide,118,237,360,416
Tide69.jpg,800,600,Tide,476,223,663,409
Pantene56.jpg,355,355,Pantene,113,3,244,351
Pantene42.jpg,698,1046,Pantene,234,158,490,720
Pantene54.jpg,500,500,Pantene,163,6,338,492
Pantene40.jpg,800,800,Pantene,484,66,748,791
Tide43.jpg,480,480,Tide,90,132,195,239
Tide57.jpg,450,600,Tide,121,105,162,143
Tide57.jpg,450,600,Tide,177,103,229,142
Tide57.jpg,450,600,Tide,244,85,298,128
Tide57.jpg,450,600,Tide,323,79,367,125
Tide57.jpg,450,600,Tide,337,221,379,260
Tide57.jpg,450,600,Tide,85,194,138,239
Tide57.jpg,450,600,Tide,166,222,204,256
Tide57.jpg,450,600,Tide,278,224,324,258
Tide57.jpg,450,600,Tide,7,96,48,134
Ariel16.jpg,1023,910,Ariel,416,380,780,757
Ariel16.jpg,1023,910,Ariel,216,285,396,773
Ariel16.jpg,1023,910,Ariel,791,475,935,744
Tide2.jpg,615,332,Tide,233,89,349,226
Tide2.jpg,615,332,Tide,112,83,209,212
Tide2.jpg,615,332,Tide,7,67,99,197
Pampers89.jpg,576,768,Pampers,28,235,483,640
Pampers62.jpg,576,768,Pampers,30,89,563,637
Pampers62.jpg,576,768,Pampers,24,606,576,768
Pampers76.jpg,768,1024,Pampers,120,150,568,846
w63.jpg,640,461,Whisper,76,4,624,442
w62.JPG,640,480,Whisper,156,31,518,374
Pampers77.jpg,800,600,Pampers,217,153,538,529
Pampers63.jpg,1024,768,Pampers,1,201,401,493
Pampers63.jpg,1024,768,Pampers,430,14,913,522
Pampers63.jpg,1024,768,Pampers,1,491,421,764
Pampers63.jpg,1024,768,Pampers,410,501,968,763
Pampers88.jpg,576,768,Pampers,13,224,469,621
Tide56.jpg,800,600,Tide,196,254,318,373
Tide56.jpg,800,600,Tide,1,261,136,372
Pantene41.jpg,328,328,Pantene,99,6,233,323
Pantene55.jpg,1000,1000,Pantene,328,7,666,999
Pantene51.jpg,1596,1045,Pantene,179,96,443,895
Pantene51.jpg,1596,1045,Pantene,427,81,684,901
Pantene51.jpg,1596,1045,Pantene,670,71,928,911
Pantene51.jpg,1596,1045,Pantene,1,75,197,895
Pantene51.jpg,1596,1045,Pantene,918,86,1170,887
Pantene51.jpg,1596,1045,Pantene,1166,86,1410,895
Pantene51.jpg,1596,1045,Pantene,1378,83,1596,889
Pantene45.jpg,755,800,Pantene,233,47,493,774
Pantene92.jpg,1024,640,Pantene,656,98,769,341
Pantene92.jpg,1024,640,Head_&_Shoulders,228,86,359,460
Pantene92.jpg,1024,640,Head_&_Shoulders,365,80,493,445
Pantene92.jpg,1024,640,Head_&_Shoulders,508,85,633,443
Tide46.jpg,800,451,Tide,49,156,129,233
Tide46.jpg,800,451,Tide,181,153,260,229
Tide46.jpg,800,451,Tide,310,147,394,232
Pampers98.jpg,576,768,Pampers,140,170,561,676
Tide7.jpg,900,1200,Tide,301,452,526,699
Pampers67.jpg,800,600,Pampers,342,142,489,506
Pampers67.jpg,800,600,Pampers,48,287,334,512
Pampers67.jpg,800,600,Pampers,532,168,679,503
Pampers67.jpg,800,600,Pampers,326,44,603,146
Pampers67.jpg,800,600,Pampers,118,147,222,292
Pampers73.jpg,576,768,Pampers,129,72,537,682
Pampers72.jpg,576,768,Pampers,92,98,399,657
Pampers66.jpg,800,600,Whisper,135,156,268,211
Pampers66.jpg,800,600,Whisper,134,202,267,259
Pampers66.jpg,800,600,Whisper,323,284,374,342
Pampers66.jpg,800,600,Whisper,242,276,321,338
Pampers66.jpg,800,600,Pampers,393,212,467,362
Pampers66.jpg,800,600,Pampers,456,279,586,362
Pampers66.jpg,800,600,Pampers,564,230,703,303
Pampers66.jpg,800,600,Pampers,577,295,701,359
Pampers66.jpg,800,600,Pampers,685,225,798,303
Pampers66.jpg,800,600,Pampers,697,293,795,365
Tide6.jpg,660,460,Tide,86,144,220,261
Tide6.jpg,660,460,Tide,499,107,569,169
Tide6.jpg,660,460,Tide,417,394,466,436
Tide6.jpg,660,460,Tide,261,398,315,439
Tide6.jpg,660,460,Tide,575,401,633,446
Pampers99.jpg,470,470,Pampers,47,36,421,429
Tide53.jpg,1024,1024,Tide,205,281,702,801
Tide47.jpg,355,355,Tide,53,151,113,209
Tide47.jpg,355,355,Tide,171,148,237,213
Pantene44.jpg,1000,1000,Pantene,161,12,504,997
Pantene44.jpg,1000,1000,Pantene,493,92,833,993
Pantene50.jpg,1565,2798,Pantene,66,83,763,2740
Pantene50.jpg,1565,2798,Pantene,852,79,1495,2761
Pantene46.jpg,540,533,Pantene,205,10,465,471
Pantene52.jpg,1288,857,Pantene,29,161,279,767
Pantene52.jpg,1288,857,Pantene,285,191,498,724
Pantene52.jpg,1288,857,Pantene,478,194,651,702
Pantene52.jpg,1288,857,Pantene,638,203,770,676
Pantene52.jpg,1288,857,Pantene,750,224,894,649
Pantene52.jpg,1288,857,Pantene,869,220,993,639
Pantene52.jpg,1288,857,Pantene,959,238,1087,619
Pantene52.jpg,1288,857,Pantene,1070,249,1181,607
Pantene91.jpg,1024,640,Pantene,200,48,315,352
Pantene91.jpg,1024,640,Pantene,336,44,436,358
Pantene91.jpg,1024,640,Pantene,445,50,551,364
Pantene91.jpg,1024,640,Pantene,564,61,658,343
Pantene91.jpg,1024,640,Pantene,665,71,752,335
Pantene91.jpg,1024,640,Pantene,767,90,838,350
Pantene91.jpg,1024,640,Pantene,855,89,929,333
Pantene91.jpg,1024,640,Pantene,938,92,1005,346
Pantene91.jpg,1024,640,Pantene,382,449,475,605
Pantene91.jpg,1024,640,Pantene,486,434,584,600
Pantene91.jpg,1024,640,Pantene,594,451,666,580
Pantene91.jpg,1024,640,Pantene,676,442,748,580
Pantene91.jpg,1024,640,Pantene,758,440,815,562
Pantene91.jpg,1024,640,Pantene,894,446,942,555
Pantene91.jpg,1024,640,Pantene,827,439,890,567
Pantene91.jpg,1024,640,Pantene,947,429,997,568
Pantene91.jpg,1024,640,Pantene,218,449,355,593
w8.jpg,1024,768,Whisper,104,261,498,496
w8.jpg,1024,768,Whisper,502,306,919,512
Tide51.jpg,355,355,Tide,93,102,181,189
Ariel38.jpg,576,768,Ariel,187,147,400,403
Ariel38.jpg,576,768,Ariel,227,383,371,540
Ariel38.jpg,576,768,Ariel,249,534,378,659
Ariel38.jpg,576,768,Ariel,83,498,223,624
Ariel38.jpg,576,768,Ariel,43,387,195,515
Ariel38.jpg,576,768,Ariel,1,168,166,364
Ariel38.jpg,576,768,Ariel,1,476,68,571
Tide4.jpg,660,460,Tide,40,79,110,151
Tide4.jpg,660,460,Tide,253,70,326,143
Tide4.jpg,660,460,Tide,452,66,526,136
Tide4.jpg,660,460,Tide,258,409,314,457
Tide4.jpg,660,460,Tide,432,415,496,459
Tide4.jpg,660,460,Tide,81,417,139,458
Tide4.jpg,660,460,Tide,616,387,660,443
Ariel10.jpg,440,422,Ariel,89,56,365,365
Pampers58.jpg,800,600,Pampers,360,335,457,427
Pampers58.jpg,800,600,Pampers,360,432,447,478
Pampers58.jpg,800,600,Pampers,198,431,279,484
Pampers58.jpg,800,600,Pampers,212,368,296,428
Pampers58.jpg,800,600,Pampers,266,434,372,489
Pampers58.jpg,800,600,Pampers,283,373,378,431
Pampers58.jpg,800,600,Pampers,473,362,534,425
Pampers58.jpg,800,600,Pampers,455,415,529,471
Pampers58.jpg,800,600,Pampers,516,409,614,471
Pampers58.jpg,800,600,Pampers,519,347,624,414
Pampers58.jpg,800,600,Pampers,610,396,717,463
Pampers58.jpg,800,600,Pampers,384,220,457,295
Pampers58.jpg,800,600,Pampers,316,274,379,316
Pampers58.jpg,800,600,Pampers,263,290,317,320
Pampers58.jpg,800,600,Pampers,267,249,327,285
Pampers58.jpg,800,600,Pampers,470,190,551,231
Pampers58.jpg,800,600,Pampers,463,230,553,277
Pampers58.jpg,800,600,Pampers,544,200,652,266
Pampers58.jpg,800,600,Pampers,705,128,783,181
Pampers58.jpg,800,600,Pampers,706,179,788,225
w59.jpg,355,355,Whisper,51,29,302,301
Pampers70.jpg,576,768,Pampers,94,14,482,613
Pampers64.jpg,800,600,Pampers,348,1,734,337
Pampers64.jpg,800,600,Pampers,1,132,335,331
Pampers64.jpg,800,600,Pampers,332,509,798,596
Pampers65.jpg,800,600,Pampers,304,214,377,340
Pampers65.jpg,800,600,Pampers,365,263,487,338
Pampers65.jpg,800,600,Pampers,482,275,582,337
Pampers65.jpg,800,600,Pampers,472,218,599,293
Pampers65.jpg,800,600,Pampers,595,212,715,294
Pampers65.jpg,800,600,Pampers,578,275,721,349
Pampers65.jpg,800,600,Whisper,234,283,289,325
Pampers65.jpg,800,600,Whisper,165,271,236,332
Pampers65.jpg,800,600,Whisper,23,193,174,256
Pampers65.jpg,800,600,Whisper,36,137,173,210
Pampers71.jpg,576,768,Pampers,15,228,515,522
Pampers59.jpg,576,768,Pampers,460,351,571,461
Pampers59.jpg,576,768,Pampers,447,463,575,531
Pampers59.jpg,576,768,Pampers,344,483,454,548
Pampers59.jpg,576,768,Pampers,244,481,348,550
Pampers59.jpg,576,768,Pampers,251,416,354,492
Pampers59.jpg,576,768,Pampers,342,410,466,486
Pampers59.jpg,576,768,Pampers,455,213,569,310
Pampers59.jpg,576,768,Pampers,369,289,456,333
Pampers59.jpg,576,768,Pampers,306,323,371,366
Pampers59.jpg,576,768,Pampers,315,272,373,316
w64.jpg,803,768,Whisper,6,49,775,681
Tide5.jpg,1132,754,Tide,136,163,291,311
Tide5.jpg,1132,754,Tide,557,171,678,302
Tide5.jpg,1132,754,Tide,900,187,1002,306
Ariel39.jpg,450,600,Ariel,139,44,188,141
Ariel39.jpg,450,600,Ariel,196,42,245,144
Ariel39.jpg,450,600,Ariel,253,61,306,149
Ariel39.jpg,450,600,Ariel,301,61,334,146
Ariel39.jpg,450,600,Ariel,32,147,56,187
Ariel39.jpg,450,600,Ariel,64,153,97,218
Ariel39.jpg,450,600,Ariel,107,151,149,214
Ariel39.jpg,450,600,Ariel,154,157,191,226
Ariel39.jpg,450,600,Ariel,201,162,244,229
Ariel39.jpg,450,600,Ariel,260,160,315,232
Ariel39.jpg,450,600,Ariel,323,177,354,247
Ariel39.jpg,450,600,Ariel,38,225,76,290
Ariel39.jpg,450,600,Ariel,71,231,106,287
Ariel39.jpg,450,600,Ariel,117,241,154,303
Ariel39.jpg,450,600,Ariel,163,250,201,317
Ariel39.jpg,450,600,Ariel,204,259,264,319
Ariel39.jpg,450,600,Ariel,264,273,310,327
Ariel39.jpg,450,600,Ariel,56,297,87,341
Ariel39.jpg,450,600,Ariel,140,325,167,361
Ariel39.jpg,450,600,Ariel,91,306,111,343
Ariel39.jpg,450,600,Ariel,178,336,210,379
Ariel39.jpg,450,600,Ariel,223,346,261,402
Ariel39.jpg,450,600,Ariel,277,366,314,425
Ariel39.jpg,450,600,Ariel,320,266,351,342
Ariel39.jpg,450,600,Ariel,353,255,383,315
Ariel39.jpg,450,600,Ariel,321,361,357,427
Ariel39.jpg,450,600,Ariel,273,439,309,490
Ariel39.jpg,450,600,Ariel,221,421,253,478
Ariel39.jpg,450,600,Ariel,186,405,210,453
Ariel39.jpg,450,600,Ariel,141,394,174,434
Ariel39.jpg,450,600,Ariel,97,368,126,412
Ariel39.jpg,450,600,Ariel,276,513,304,556
Ariel39.jpg,450,600,Ariel,225,485,254,536
Ariel39.jpg,450,600,Ariel,185,471,220,516
Ariel39.jpg,450,600,Ariel,145,450,176,496
Ariel39.jpg,450,600,Ariel,104,431,131,470
Ariel39.jpg,450,600,Ariel,320,443,355,517
Ariel39.jpg,450,600,Ariel,188,525,215,572
Ariel39.jpg,450,600,Ariel,225,552,263,595
Ariel39.jpg,450,600,Ariel,270,576,300,600
Tide44.jpg,640,480,Tide,40,89,160,208
Tide44.jpg,640,480,Tide,302,107,485,288
Tide50.jpg,1000,1000,Tide,182,277,531,602
w9.jpg,800,600,Whisper,26,6,409,292
w9.jpg,800,600,Whisper,20,274,416,596
w9.jpg,800,600,Whisper,389,290,770,593
w9.jpg,800,600,Whisper,423,9,782,303
Pantene90.jpg,1024,640,Pantene,6,49,105,337
Pantene90.jpg,1024,640,Pantene,115,64,218,328
Pantene90.jpg,1024,640,Pantene,225,72,316,333
Pantene90.jpg,1024,640,Pantene,322,80,400,318
Pantene90.jpg,1024,640,Pantene,417,101,481,329
Pantene90.jpg,1024,640,Pantene,489,106,547,323
Pantene90.jpg,1024,640,Pantene,561,135,611,316
Pantene90.jpg,1024,640,Pantene,627,143,679,322
Pantene90.jpg,1024,640,Pantene,687,127,731,309
Pantene90.jpg,1024,640,Pantene,735,138,783,321
Pantene90.jpg,1024,640,Pantene,33,421,150,606
Pantene90.jpg,1024,640,Pantene,153,413,255,591
Pantene90.jpg,1024,640,Pantene,261,420,327,596
Pantene90.jpg,1024,640,Pantene,334,419,388,578
Pantene90.jpg,1024,640,Pantene,400,410,455,573
Pantene90.jpg,1024,640,Pantene,460,410,514,579
Pantene90.jpg,1024,640,Pantene,520,398,570,566
Pantene90.jpg,1024,640,Pantene,571,395,614,549
Pantene90.jpg,1024,640,Pantene,709,385,748,537
Pantene90.jpg,1024,640,Pantene,665,387,703,561
Pantene53.jpg,680,635,Pantene,98,41,317,570
Pantene53.jpg,680,635,Pantene,378,76,608,577
Pantene47.jpg,698,736,Pantene,129,31,373,694
Pantene47.jpg,698,736,Pantene,367,148,568,703
Pantene34.jpg,768,1024,Pantene,126,79,468,929
Pantene2.jpg,576,768,Pantene,153,110,363,768
Pantene2.jpg,576,768,Pantene,360,236,575,765
HS17.jpg,576,768,Head_&_Shoulders,1,304,79,569
HS17.jpg,576,768,Head_&_Shoulders,63,291,163,598
HS17.jpg,576,768,Head_&_Shoulders,151,305,289,605
HS17.jpg,576,768,Head_&_Shoulders,307,321,421,586
HS17.jpg,576,768,Head_&_Shoulders,431,321,540,624
HS17.jpg,576,768,Head_&_Shoulders,1,112,69,277
HS17.jpg,576,768,Head_&_Shoulders,76,162,127,289
HS1.jpg,576,768,Head_&_Shoulders,116,23,391,629
Tide37.jpg,800,1067,Tide,238,561,488,801
Pampers103.jpg,1000,1000,Pampers,142,1,842,993
Pampers117.jpg,1000,1000,Pampers,31,28,980,978
Tide23.jpg,1500,1500,Tide,624,506,1064,1036
Ariel62.jpg,800,600,Ariel,120,201,277,357
Ariel62.jpg,800,600,Ariel,379,231,526,375
Ariel62.jpg,800,600,Ariel,617,225,739,365
Pampers16.jpg,768,1024,Pampers,94,486,291,630
Pampers16.jpg,768,1024,Pampers,281,470,433,613
Pampers16.jpg,768,1024,Pampers,437,505,550,614
Pampers16.jpg,768,1024,Pampers,533,466,668,626
w17.jpg,576,768,Whisper,47,205,176,377
w17.jpg,576,768,Whisper,178,169,329,365
w17.jpg,576,768,Whisper,12,369,187,498
w17.jpg,576,768,Whisper,165,351,353,504
w17.jpg,576,768,Whisper,345,306,537,508
w17.jpg,576,768,Pampers,1,73,110,131
w17.jpg,576,768,Pampers,1,129,103,173
w16.jpg,800,600,Whisper,7,126,173,513
w16.jpg,800,600,Whisper,162,159,305,523
w16.jpg,800,600,Whisper,289,171,416,522
w16.jpg,800,600,Whisper,402,178,534,506
w16.jpg,800,600,Whisper,514,191,654,510
w16.jpg,800,600,Whisper,629,191,791,521
w16.jpg,800,600,Whisper,241,22,379,108
w16.jpg,800,600,Whisper,128,21,252,95
w16.jpg,800,600,Whisper,384,64,495,122
w16.jpg,800,600,Whisper,357,3,480,64
w16.jpg,800,600,Whisper,472,1,601,62
w16.jpg,800,600,Whisper,483,86,584,138
w16.jpg,800,600,Whisper,476,46,588,114
w16.jpg,800,600,Whisper,594,86,710,153
w16.jpg,800,600,Whisper,699,13,767,100
w16.jpg,800,600,Whisper,707,62,800,174
Ariel63.jpg,1024,768,Ariel,443,348,647,549
Ariel63.jpg,1024,768,Ariel,782,378,925,554
Tide22.jpeg,400,400,Tide,106,101,300,305
Pampers116.jpg,768,768,Pampers,141,123,634,632
Pampers102.jpg,800,800,Pampers,94,72,713,788
Tide36.jpg,1024,1365,Tide,302,656,623,942
HS16.jpg,576,768,Head_&_Shoulders,13,412,112,632
HS16.jpg,576,768,Head_&_Shoulders,113,405,198,610
HS16.jpg,576,768,Head_&_Shoulders,189,413,274,600
HS16.jpg,576,768,Head_&_Shoulders,266,411,348,615
HS16.jpg,576,768,Head_&_Shoulders,341,344,445,615
Pantene3.jpg,576,768,Pantene,1,54,172,727
Pantene3.jpg,576,768,Pantene,159,203,331,738
Pantene3.jpg,576,768,Pantene,323,194,506,753
Pantene3.jpg,576,768,Pantene,504,203,576,682
Pantene35.jpg,768,1024,Pantene,251,96,535,977
Pantene21.jpg,768,1024,Pantene,233,152,517,991
Pantene37.jpg,900,900,Pantene,325,6,571,892
Pantene23.jpg,768,1024,Pantene,231,85,572,999
Pantene23.jpg,768,1024,Pantene,100,92,272,717
HS14.jpg,576,768,Head_&_Shoulders,133,182,292,531
HS2.jpg,576,768,Head_&_Shoulders,133,82,401,613
Pampers128.jpg,800,528,Pampers,244,376,353,528
Pampers128.jpg,800,528,Pampers,343,364,448,523
Pampers128.jpg,800,528,Pampers,49,456,164,528
Pampers128.jpg,800,528,Pampers,442,350,539,513
Pampers128.jpg,800,528,Pampers,535,359,629,516
Pampers128.jpg,800,528,Pampers,618,353,741,528
Pampers128.jpg,800,528,Pampers,625,372,743,528
Pampers128.jpg,800,528,Pampers,727,368,800,527
Pampers128.jpg,800,528,Pampers,1,456,72,515
Pampers128.jpg,800,528,Pampers,133,188,243,287
Pampers128.jpg,800,528,Pampers,55,164,148,290
Pampers128.jpg,800,528,Pampers,1,183,69,292
Pampers128.jpg,800,528,Pampers,249,190,307,287
Pampers128.jpg,800,528,Pampers,313,190,419,296
Pampers128.jpg,800,528,Pampers,405,189,502,290
Pampers128.jpg,800,528,Pampers,503,187,596,294
Pampers128.jpg,800,528,Pampers,604,190,707,296
Pampers128.jpg,800,528,Pampers,698,184,800,293
Pampers128.jpg,800,528,Pampers,152,1,215,110
Pampers128.jpg,800,528,Pampers,48,39,130,106
Pampers128.jpg,800,528,Pampers,1,42,60,108
Pampers128.jpg,800,528,Pampers,212,1,305,121
Pampers128.jpg,800,528,Pampers,340,1,418,110
Pampers128.jpg,800,528,Pampers,437,1,516,105
Pampers128.jpg,800,528,Pampers,528,1,620,106
Pampers128.jpg,800,528,Pampers,628,1,713,109
Pampers128.jpg,800,528,Pampers,710,1,791,110
Pampers114.jpg,1024,1024,Pampers,213,85,816,900
Tide20.jpg,600,600,Tide,158,195,396,427
Pampers100.jpg,400,400,Pampers,43,4,358,397
Ariel61.jpg,1024,768,Ariel,138,281,270,406
Ariel61.jpg,1024,768,Ariel,323,281,485,404
Ariel61.jpg,1024,768,Ariel,538,272,687,418
Ariel61.jpg,1024,768,Ariel,775,281,906,413
Ariel61.jpg,1024,768,Ariel,86,37,218,178
Ariel61.jpg,1024,768,Ariel,335,36,454,171
Ariel61.jpg,1024,768,Ariel,562,29,684,176
Ariel61.jpg,1024,768,Ariel,796,21,923,174
Ariel49.jpg,800,600,Ariel,68,197,358,467
Ariel49.jpg,800,600,Ariel,478,236,696,467
Ariel49.jpg,800,600,Ariel,448,1,622,107
w28.jpg,576,768,Whisper,116,100,492,382
w28.jpg,576,768,Whisper,108,371,507,694
w14.jpg,1024,768,Whisper,55,84,257,560
w14.jpg,1024,768,Whisper,241,128,412,558
w14.jpg,1024,768,Whisper,383,144,567,555
w14.jpg,1024,768,Whisper,523,148,706,555
w14.jpg,1024,768,Whisper,664,178,839,551
w14.jpg,1024,768,Whisper,801,183,997,549
w14.jpg,1024,768,Whisper,365,1,502,76
w14.jpg,1024,768,Whisper,509,16,639,86
w14.jpg,1024,768,Whisper,764,55,893,123
w14.jpg,1024,768,Whisper,624,47,747,114
w14.jpg,1024,768,Whisper,912,31,1008,153
Pampers28.jpg,576,768,Pampers,123,157,399,635
Pampers28.jpg,576,768,Pampers,406,200,576,602
w15.jpg,1024,768,Whisper,47,26,530,503
w15.jpg,1024,768,Whisper,543,105,1011,526
w15.jpg,1024,768,Whisper,1,467,476,686
w15.jpg,1024,768,Whisper,623,500,1024,681
Pampers14.jpg,768,1024,Pampers,42,285,250,453
Pampers14.jpg,768,1024,Pampers,263,268,414,448
Pampers14.jpg,768,1024,Pampers,414,303,568,446
Pampers14.jpg,768,1024,Pampers,537,253,696,444
Pampers14.jpg,768,1024,Pampers,70,527,183,668
Pampers14.jpg,768,1024,Pampers,183,556,278,678
Pampers14.jpg,768,1024,Pampers,290,495,407,668
Pampers14.jpg,768,1024,Pampers,411,505,555,661
w29.jpg,1024,768,Whisper,11,70,537,566
w29.jpg,1024,768,Whisper,536,143,1022,571
w29.jpg,1024,768,Whisper,1,547,454,765
w29.jpg,1024,768,Whisper,606,572,1024,759
Ariel48.jpg,800,600,Ariel,209,65,398,229
Ariel48.jpg,800,600,Ariel,457,81,622,232
Ariel48.jpg,800,600,Ariel,160,347,379,530
Ariel48.jpg,800,600,Ariel,484,353,682,537
Ariel60.jpg,800,600,Ariel,622,62,720,174
Ariel60.jpg,800,600,Ariel,491,121,563,187
Ariel60.jpg,800,600,Ariel,342,387,410,453
Ariel60.jpg,800,600,Ariel,129,380,201,444
Ariel60.jpg,800,600,Ariel,236,384,312,456
Ariel60.jpg,800,600,Ariel,450,384,523,457
Ariel60.jpg,800,600,Ariel,457,271,532,346
Ariel60.jpg,800,600,Ariel,345,264,426,337
Ariel60.jpg,800,600,Ariel,241,268,318,323
Ariel60.jpg,800,600,Ariel,126,267,191,334
Ariel60.jpg,800,600,Ariel,145,115,217,177
Ariel60.jpg,800,600,Ariel,252,113,341,183
Ariel60.jpg,800,600,Ariel,375,118,449,183
Pampers101.jpg,960,960,Pampers,60,219,932,771
Tide21.jpg,800,800,Tide,235,290,558,503
Pampers115.jpg,425,425,Pampers,52,47,370,322
HS3.jpg,576,768,Head_&_Shoulders,127,87,381,735
HS15.jpg,576,768,Head_&_Shoulders,1,240,144,652
HS15.jpg,576,768,Head_&_Shoulders,151,271,266,617
HS15.jpg,576,768,Head_&_Shoulders,273,415,347,628
HS15.jpg,576,768,Head_&_Shoulders,344,417,403,620
HS15.jpg,576,768,Head_&_Shoulders,407,412,479,613
HS15.jpg,576,768,Head_&_Shoulders,471,402,534,600
Pantene22.jpg,768,1024,Pantene,218,395,391,834
Pantene22.jpg,768,1024,Pantene,600,218,761,705
Pantene22.jpg,768,1024,Pantene,424,190,553,600
Pantene22.jpg,768,1024,Pantene,234,159,388,377
Pantene36.jpg,768,1024,Pantene,174,95,498,1004
Pantene32.jpg,768,1024,Pantene,122,140,395,905
Pantene32.jpg,768,1024,Pantene,361,124,633,908
Pantene26.jpg,768,1024,Pantene,150,243,588,973
HS11.jpg,576,768,Head_&_Shoulders,66,173,253,594
HS11.jpg,576,768,Head_&_Shoulders,254,184,455,612
HS7.jpg,576,768,Head_&_Shoulders,117,90,350,689
Pampers111.jpg,590,906,Pampers,121,173,509,759
Tide25.jpg,480,360,Tide,107,153,204,235
Pampers105.jpg,500,500,Pampers,87,81,466,464
Tide19.jpg,992,992,Tide,268,299,694,702
Pampers8.jpg,768,1024,Pampers,190,229,601,686
Ariel58.jpg,800,600,Ariel,301,143,398,232
Ariel58.jpg,800,600,Ariel,429,140,539,242
Ariel58.jpg,800,600,Ariel,568,146,663,240
Ariel64.jpg,1024,768,Ariel,564,317,829,556
Pampers38.jpg,768,1024,Pampers,176,20,738,1012
w11.jpg,576,768,Whisper,1,94,315,401
w11.jpg,576,768,Whisper,324,191,561,419
w11.jpg,576,768,Whisper,1,393,313,513
w11.jpg,576,768,Whisper,332,424,575,501
w39.jpg,576,768,Whisper,30,329,286,546
w39.jpg,576,768,Whisper,299,288,562,565
Pampers10.jpg,768,1024,Pampers,190,291,565,663
w38.jpg,576,768,Whisper,211,288,373,368
w38.jpg,576,768,Whisper,204,364,371,476
Pampers11.jpg,768,1024,Pampers,339,399,714,787
Pampers11.jpg,768,1024,Pampers,94,431,318,769
Pampers39.jpg,576,768,Pampers,147,222,446,748
w10.jpg,576,768,Whisper,45,353,272,538
w10.jpg,576,768,Whisper,280,314,520,558
w10.jpg,576,768,Pampers,6,47,143,99
w10.jpg,576,768,Pampers,1,120,96,168
Ariel65.jpg,1024,768,Ariel,1,414,114,589
Ariel65.jpg,1024,768,Ariel,278,267,538,533
Ariel65.jpg,1024,768,Ariel,677,266,923,538
Ariel71.jpg,576,768,Ariel,161,314,384,504
Pampers9.jpg,768,1024,Pampers,142,239,351,556
Pampers9.jpg,768,1024,Pampers,94,524,386,738
Pampers9.jpg,768,1024,Pampers,351,392,704,740
Tide18.jpg,660,440,Tide,143,297,258,372
Pampers104.jpg,546,768,Pampers,72,79,489,648
Tide30.jpg,1170,1230,Tide,298,251,948,838
Tide24.jpg,1170,1230,Tide,343,318,867,813
Pampers110.jpg,590,906,Pampers,149,163,504,766
HS6.jpg,576,768,Head_&_Shoulders,163,61,471,768
HS6.jpg,576,768,Head_&_Shoulders,445,175,576,666
HS6.jpg,576,768,Pantene,41,12,164,272
HS6.jpg,576,768,Pantene,132,28,272,209
HS6.jpg,576,768,Pantene,1,40,61,310
Pantene5.jpg,576,768,Pantene,75,356,182,648
Pantene5.jpg,576,768,Pantene,1,369,59,618
Pantene5.jpg,576,768,Pantene,185,281,313,661
Pantene5.jpg,576,768,Pantene,293,256,468,671
Pantene5.jpg,576,768,Head_&_Shoulders,450,266,576,684
Pantene27.jpg,768,1024,Pantene,200,1,609,901
Pantene33.jpg,576,768,Pantene,137,100,376,750
Pantene7.jpg,768,1024,Pantene,7,391,218,873
Pantene7.jpg,768,1024,Pantene,153,395,290,795
Pantene7.jpg,768,1024,Pantene,247,369,356,791
Pantene7.jpg,768,1024,Pantene,291,513,461,907
Pantene7.jpg,768,1024,Pantene,431,500,540,866
Pantene7.jpg,768,1024,Pantene,483,494,664,986
Pantene7.jpg,768,1024,Pantene,621,486,743,1013
Pantene7.jpg,768,1024,Pantene,656,242,768,970
HS12.jpg,576,768,Head_&_Shoulders,181,225,373,692
Pampers106.jpg,455,314,Pampers,163,42,305,287
Pampers106.jpg,455,314,Pampers,60,68,164,283
Pampers106.jpg,455,314,Pampers,297,64,400,284
Pampers112.jpg,1024,768,Pampers,37,63,995,653
Tide26.jpg,300,236,Tide,99,74,211,178
Ariel73.jpg,450,600,Ariel,151,100,306,237
Ariel73.jpg,450,600,Ariel,137,349,285,459
w12.jpg,1024,768,Whisper,11,174,229,629
w12.jpg,1024,768,Whisper,196,215,382,643
w12.jpg,1024,768,Whisper,370,214,523,638
w12.jpg,1024,768,Whisper,504,217,667,638
w12.jpg,1024,768,Whisper,658,229,821,641
w12.jpg,1024,768,Whisper,807,246,998,640
w12.jpg,1024,768,Whisper,277,25,467,129
w12.jpg,1024,768,Whisper,436,5,616,71
w12.jpg,1024,768,Whisper,482,63,619,146
w12.jpg,1024,768,Whisper,603,47,758,115
w12.jpg,1024,768,Whisper,618,90,747,160
w12.jpg,1024,768,Whisper,151,26,300,122
w12.jpg,1024,768,Whisper,878,16,1005,99
w12.jpg,1024,768,Whisper,757,106,915,177
w12.jpg,1024,768,Whisper,921,107,1024,185
Pampers13.jpg,768,1024,Pampers,203,463,311,564
Pampers13.jpg,768,1024,Pampers,320,482,394,557
Pampers13.jpg,768,1024,Pampers,396,499,455,560
Pampers13.jpg,768,1024,Pampers,453,477,529,564
w13.jpg,576,768,Whisper,89,137,410,402
w13.jpg,576,768,Whisper,59,381,437,695
w13.jpg,576,768,Whisper,395,317,576,682
Ariel72.jpg,800,600,Ariel,127,321,217,407
Ariel72.jpg,800,600,Ariel,295,328,384,409
Ariel72.jpg,800,600,Ariel,454,333,542,419
Ariel72.jpg,800,600,Ariel,605,340,692,425
Ariel72.jpg,800,600,Ariel,108,136,209,235
Ariel72.jpg,800,600,Ariel,287,137,398,232
Ariel72.jpg,800,600,Ariel,452,154,570,252
Ariel72.jpg,800,600,Ariel,629,162,723,262
Ariel66.jpg,576,768,Ariel,200,324,447,590
Tide27.jpeg,415,414,Tide,119,130,284,286
Pampers113.jpg,355,355,Pampers,14,31,326,327
HS5.jpg,576,768,Head_&_Shoulders,168,107,431,728
HS13.jpg,576,768,Head_&_Shoulders,42,199,226,566
HS13.jpg,576,768,Head_&_Shoulders,281,201,470,564
Pantene6.jpg,576,768,Pantene,79,287,237,706
Pantene6.jpg,576,768,Pantene,254,290,373,653
Pantene6.jpg,576,768,Pantene,212,302,280,642
Pantene6.jpg,576,768,Pantene,337,370,497,735
Pantene6.jpg,576,768,Pantene,451,362,543,711
Pantene6.jpg,576,768,Pantene,518,382,576,737
Pantene30.jpg,768,1024,Pantene,248,66,591,908
Pantene24.jpg,768,1024,Pantene,81,92,591,882
Pantene18.jpg,768,1024,Pantene,177,334,434,866
Pantene18.jpg,768,1024,Pantene,1,296,222,777
Pantene29.jpg,768,1024,Pantene,177,147,517,960
HS22.jpg,735,490,Head_&_Shoulders,138,37,638,467
HS8.jpg,576,768,Head_&_Shoulders,177,122,486,765
Pampers122.jpg,640,480,Pampers,67,60,160,197
Pampers122.jpg,640,480,Pampers,1,60,85,200
Pampers122.jpg,640,480,Pampers,144,57,207,187
Pampers122.jpg,640,480,Pampers,210,73,274,181
Pampers122.jpg,640,480,Pampers,258,84,309,175
Pampers122.jpg,640,480,Pampers,1,240,100,386
Pampers122.jpg,640,480,Pampers,88,227,176,341
Pampers122.jpg,640,480,Pampers,293,82,351,169
Pampers122.jpg,640,480,Pampers,338,91,388,161
Pampers122.jpg,640,480,Pampers,392,91,418,165
Pampers122.jpg,640,480,Pampers,411,86,442,159
Pampers122.jpg,640,480,Pampers,445,94,467,158
Pampers122.jpg,640,480,Pampers,460,88,488,153
Pampers122.jpg,640,480,Pampers,487,87,515,151
Pampers122.jpg,640,480,Pampers,516,97,536,148
Pampers122.jpg,640,480,Pampers,557,99,571,144
Pampers122.jpg,640,480,Pampers,160,207,227,318
Pampers122.jpg,640,480,Pampers,222,197,286,309
Pampers122.jpg,640,480,Pampers,277,189,333,290
Pampers122.jpg,640,480,Pampers,328,194,384,283
Pampers122.jpg,640,480,Pampers,366,189,421,267
Pampers122.jpg,640,480,Pampers,414,182,455,260
Pampers122.jpg,640,480,Pampers,451,177,482,251
Pampers122.jpg,640,480,Pampers,487,175,516,231
Pampers122.jpg,640,480,Pampers,524,171,545,225
Pampers122.jpg,640,480,Pampers,537,166,560,220
Pampers122.jpg,640,480,Pampers,573,161,596,214
Pampers122.jpg,640,480,Pampers,265,1,314,52
Pampers122.jpg,640,480,Pampers,210,1,270,45
Pampers122.jpg,640,480,Pampers,147,1,208,34
Pampers122.jpg,640,480,Pampers,315,1,357,54
Pampers122.jpg,640,480,Pampers,356,1,396,58
Pampers122.jpg,640,480,Pampers,393,4,431,60
Pampers122.jpg,640,480,Pampers,425,7,455,60
Pampers122.jpg,640,480,Pampers,464,18,501,63
Pampers122.jpg,640,480,Pampers,494,18,524,66
Pampers122.jpg,640,480,Pampers,557,232,583,282
Pampers122.jpg,640,480,Pampers,286,324,337,401
Pampers122.jpg,640,480,Pampers,219,352,290,430
Pampers122.jpg,640,480,Pampers,159,375,237,449
Pampers122.jpg,640,480,Pampers,331,312,376,379
Pampers122.jpg,640,480,Pampers,417,280,455,351
Pampers122.jpg,640,480,Pampers,462,268,488,320
Pampers122.jpg,640,480,Pampers,419,280,459,340
Pampers122.jpg,640,480,Pampers,489,257,516,314
Pampers122.jpg,640,480,Pampers,528,244,554,292
Pampers122.jpg,640,480,Pampers,77,405,160,471
Tide16.jpg,960,640,Tide,294,235,419,369
Tide16.jpg,960,640,Tide,642,155,776,310
Pampers7.jpg,768,1024,Pampers,238,321,601,681
Pampers136.jpg,1024,640,Pampers,208,145,447,252
Pampers136.jpg,1024,640,Pampers,199,271,450,389
Pampers136.jpg,1024,640,Pampers,599,265,877,569
Pampers136.jpg,1024,640,Pampers,259,390,554,601
Pampers136.jpg,1024,640,Pampers,492,143,784,247
Pampers136.jpg,1024,640,Pampers,824,69,1005,159
Ariel43.jpg,800,600,Ariel,214,50,292,137
Ariel43.jpg,800,600,Ariel,321,54,387,144
Ariel43.jpg,800,600,Ariel,201,157,287,245
Ariel43.jpg,800,600,Ariel,317,162,398,248
Ariel43.jpg,800,600,Ariel,211,262,298,347
Ariel43.jpg,800,600,Ariel,314,264,391,354
Ariel43.jpg,800,600,Ariel,214,365,298,448
Ariel43.jpg,800,600,Ariel,317,370,391,447
Ariel43.jpg,800,600,Ariel,222,463,300,537
Ariel43.jpg,800,600,Ariel,319,460,391,529
Ariel43.jpg,800,600,Ariel,236,545,302,600
Ariel43.jpg,800,600,Ariel,324,538,386,600
Ariel57.jpg,576,768,Ariel,279,170,387,284
Ariel57.jpg,576,768,Ariel,433,177,545,288
Ariel57.jpg,576,768,Ariel,124,166,247,278
Pampers37.jpg,800,600,Pampers,125,256,489,547
Pampers37.jpg,800,600,Pampers,504,25,750,566
Pampers37.jpg,800,600,Pampers,206,40,342,235
w36.jpg,576,768,Whisper,29,330,298,534
w36.jpg,576,768,Whisper,293,285,564,558
w37.jpg,576,768,Whisper,45,313,293,522
w37.jpg,576,768,Whisper,309,283,557,542
w23.jpg,576,768,Whisper,138,186,381,384
w23.jpg,576,768,Whisper,128,367,402,579
w23.jpg,576,768,Whisper,377,318,575,571
Pampers22.jpg,1024,768,Pampers,327,531,402,601
Pampers22.jpg,1024,768,Pampers,53,536,155,605
Pampers22.jpg,1024,768,Pampers,1,539,59,604
Pampers22.jpg,1024,768,Pampers,122,598,215,660
Pampers22.jpg,1024,768,Pampers,41,607,122,662
Pampers22.jpg,1024,768,Pampers,1,590,44,658
Pampers22.jpg,1024,768,Pampers,314,594,399,670
Pampers22.jpg,1024,768,Pampers,393,603,483,663
Pampers22.jpg,1024,768,Pampers,398,527,490,615
Pampers22.jpg,1024,768,Pampers,474,532,575,612
Pampers22.jpg,1024,768,Pampers,475,602,571,675
Pampers22.jpg,1024,768,Pampers,716,522,801,597
Pampers22.jpg,1024,768,Pampers,796,514,888,597
Pampers22.jpg,1024,768,Pampers,897,539,994,608
Pampers22.jpg,1024,768,Pampers,720,588,825,679
Pampers22.jpg,1024,768,Pampers,811,590,911,678
Pampers22.jpg,1024,768,Pampers,904,601,1015,682
Pampers22.jpg,1024,768,Pampers,114,384,237,442
Pampers22.jpg,1024,768,Pampers,17,395,115,450
Pampers22.jpg,1024,768,Pampers,41,346,138,405
Pampers22.jpg,1024,768,Pampers,268,387,334,441
Pampers22.jpg,1024,768,Pampers,274,338,352,392
Pampers22.jpg,1024,768,Pampers,350,391,412,441
Pampers22.jpg,1024,768,Pampers,352,336,425,397
Pampers22.jpg,1024,768,Pampers,366,283,428,348
Pampers22.jpg,1024,768,Pampers,487,393,568,432
Pampers22.jpg,1024,768,Pampers,562,392,626,436
Pampers22.jpg,1024,768,Pampers,561,365,629,389
Pampers22.jpg,1024,768,Pampers,604,397,698,430
Pampers22.jpg,1024,768,Pampers,624,363,692,407
Pampers22.jpg,1024,768,Pampers,621,339,689,371
Pampers22.jpg,1024,768,Pampers,543,336,618,376
Pampers36.jpg,800,600,Pampers,505,173,747,556
Pampers36.jpg,800,600,Pampers,241,60,460,565
Pampers36.jpg,800,600,Pampers,1,287,232,581
Pampers36.jpg,800,600,Pampers,219,1,573,63
Pampers36.jpg,800,600,Pampers,1,107,82,236
Ariel56.jpg,576,768,Ariel,94,303,218,406
Ariel56.jpg,576,768,Ariel,244,301,359,414
Ariel56.jpg,576,768,Ariel,384,305,506,404
Ariel56.jpg,576,768,Ariel,298,1,368,63
Ariel42.jpg,450,600,Ariel,102,59,161,125
Ariel42.jpg,450,600,Ariel,186,53,258,153
Ariel42.jpg,450,600,Ariel,266,73,310,185
Ariel42.jpg,450,600,Ariel,315,89,342,187
Ariel42.jpg,450,600,Ariel,64,206,112,266
Ariel42.jpg,450,600,Ariel,1,201,32,259
Ariel42.jpg,450,600,Ariel,127,212,173,274
Ariel42.jpg,450,600,Ariel,202,217,248,281
Ariel42.jpg,450,600,Ariel,292,221,352,296
Ariel42.jpg,450,600,Ariel,300,362,357,447
Ariel42.jpg,450,600,Ariel,217,349,271,435
Ariel42.jpg,450,600,Ariel,143,336,192,398
Ariel42.jpg,450,600,Ariel,79,324,121,380
Ariel42.jpg,450,600,Ariel,16,311,53,367
Ariel42.jpg,450,600,Ariel,306,487,366,555
Ariel42.jpg,450,600,Ariel,231,463,282,526
Ariel42.jpg,450,600,Ariel,161,446,204,496
Ariel42.jpg,450,600,Ariel,104,425,142,469
Ariel42.jpg,450,600,Ariel,34,403,71,452
Ariel42.jpg,450,600,Ariel,110,514,157,566
Ariel42.jpg,450,600,Ariel,55,485,86,536
Ariel42.jpg,450,600,Ariel,6,465,37,506
Ariel42.jpg,450,600,Ariel,170,531,217,584
Ariel42.jpg,450,600,Ariel,231,559,275,600
Pampers6.jpg,768,1024,Pampers,129,403,356,773
Pampers6.jpg,768,1024,Pampers,351,369,765,769
Pampers137.jpg,1024,640,Pampers,510,132,829,271
Pampers137.jpg,1024,640,Pampers,484,239,798,362
Pampers137.jpg,1024,640,Pampers,470,349,771,463
Pampers137.jpg,1024,640,Pampers,475,453,764,535
Pampers137.jpg,1024,640,Pampers,199,163,441,418
Pampers137.jpg,1024,640,Pampers,133,421,424,515
Pampers137.jpg,1024,640,Pampers,163,56,429,130
Pampers123.jpg,800,600,Pampers,22,127,191,220
Pampers123.jpg,800,600,Pampers,169,140,301,222
Pampers123.jpg,800,600,Pampers,75,228,212,321
Pampers123.jpg,800,600,Pampers,90,323,222,421
Pampers123.jpg,800,600,Pampers,204,235,295,400
Pampers123.jpg,800,600,Pampers,273,237,347,376
Pampers123.jpg,800,600,Pampers,407,228,465,335
Pampers123.jpg,800,600,Pampers,346,228,395,348
Pampers123.jpg,800,600,Pampers,285,143,393,218
Pampers123.jpg,800,600,Pampers,387,147,472,215
Pampers123.jpg,800,600,Pampers,456,152,518,215
Pampers123.jpg,800,600,Pampers,515,152,576,211
Pampers123.jpg,800,600,Pampers,567,159,610,207
Pampers123.jpg,800,600,Pampers,610,162,639,208
Pampers123.jpg,800,600,Pampers,114,458,259,592
Pampers123.jpg,800,600,Pampers,247,424,392,506
Pampers123.jpg,800,600,Pampers,360,386,468,480
Pampers123.jpg,800,600,Pampers,504,346,584,407
Pampers123.jpg,800,600,Pampers,584,304,634,393
Pampers123.jpg,800,600,Pampers,557,211,588,302
Pampers123.jpg,800,600,Pampers,594,223,630,303
Pampers123.jpg,800,600,Pampers,651,210,693,281
Pampers123.jpg,800,600,Pampers,457,460,504,557
Pampers123.jpg,800,600,Pampers,353,495,436,595
Pampers123.jpg,800,600,Pampers,495,440,560,531
Pampers123.jpg,800,600,Pampers,535,418,599,499
Pampers123.jpg,800,600,Pampers,581,404,627,475
Pampers123.jpg,800,600,Pampers,610,376,658,450
Pampers123.jpg,800,600,Pampers,638,374,682,434
Pampers123.jpg,800,600,Pampers,679,364,702,424
Pampers123.jpg,800,600,Pampers,645,165,665,206
Pampers123.jpg,800,600,Pampers,665,164,684,203
Pampers123.jpg,800,600,Pampers,692,166,714,202
HS9.jpg,576,768,Head_&_Shoulders,154,104,388,705
HS23.jpg,588,640,Head_&_Shoulders,42,5,534,640
Pantene28.jpg,768,1024,Pantene,198,56,559,956
Pantene16.jpg,576,768,Pantene,238,203,375,561
Pantene16.jpg,576,768,Pantene,80,165,231,494
Pantene16.jpg,576,768,Pantene,1,346,147,595
Pantene16.jpg,576,768,Pantene,49,59,151,169
Pantene8.jpg,768,1024,Pantene,363,304,678,1021
Pantene8.jpg,768,1024,Pantene,282,487,470,1022
Pantene8.jpg,768,1024,Pantene,155,485,308,904
Pantene8.jpg,768,1024,Pantene,1,473,159,850
HS21.jpg,600,600,Head_&_Shoulders,9,68,236,550
HS21.jpg,600,600,Head_&_Shoulders,238,135,404,581
HS21.jpg,600,600,Head_&_Shoulders,399,84,576,554
Pampers109.jpg,355,355,Pampers,15,31,326,316
Tide29.jpeg,225,225,Tide,76,91,159,159
Pampers135.jpg,1024,640,Pampers,26,138,409,572
Pampers135.jpg,1024,640,Pampers,460,206,751,578
Pampers4.jpg,768,1024,Pampers,163,237,363,540
Pampers4.jpg,768,1024,Pampers,130,544,383,729
Pampers4.jpg,768,1024,Pampers,353,420,713,737
Pampers121.jpg,634,768,Pampers,72,25,585,574
Tide15.jpg,500,500,Tide,296,240,397,338
Ariel54.jpg,576,768,Ariel,107,346,308,573
Ariel40.jpg,800,600,Ariel,167,68,307,221
Ariel40.jpg,800,600,Ariel,360,78,476,237
Pampers20.jpg,1024,768,Pampers,54,539,171,612
Pampers20.jpg,1024,768,Pampers,175,542,316,618
Pampers20.jpg,1024,768,Pampers,309,529,454,603
Pampers20.jpg,1024,768,Pampers,25,631,166,719
Pampers20.jpg,1024,768,Pampers,160,630,314,715
Pampers20.jpg,1024,768,Pampers,302,616,461,706
Pampers20.jpg,1024,768,Pampers,483,514,592,599
Pampers20.jpg,1024,768,Pampers,588,481,721,575
Pampers20.jpg,1024,768,Pampers,471,603,600,687
Pampers20.jpg,1024,768,Pampers,586,581,697,678
Pampers20.jpg,1024,768,Pampers,711,560,871,673
Pampers20.jpg,1024,768,Pampers,473,274,613,340
Pampers20.jpg,1024,768,Pampers,484,194,623,256
Pampers20.jpg,1024,768,Pampers,613,230,771,315
Pampers20.jpg,1024,768,Pampers,208,348,347,400
Pampers20.jpg,1024,768,Pampers,339,322,470,377
Pampers20.jpg,1024,768,Pampers,117,289,217,352
Pampers20.jpg,1024,768,Pampers,113,364,182,428
Pampers34.jpg,800,600,Pampers,10,156,361,570
Pampers34.jpg,800,600,Pampers,425,131,798,600
w35.jpg,576,768,Whisper,186,244,379,366
w35.jpg,576,768,Whisper,193,358,375,458
w35.jpg,576,768,Whisper,421,126,493,219
w35.jpg,576,768,Whisper,419,229,506,318
w21.jpg,576,768,Whisper,51,163,285,381
w21.jpg,576,768,Whisper,272,230,457,411
w21.jpg,576,768,Whisper,289,400,497,463
w21.jpg,576,768,Whisper,55,376,301,453
w20.jpg,1024,768,Whisper,109,48,357,351
w20.jpg,1024,768,Whisper,352,7,629,338
w20.jpg,1024,768,Whisper,50,336,362,581
w20.jpg,1024,768,Whisper,349,318,689,589
w20.jpg,1024,768,Whisper,674,231,1024,617
w34.jpg,576,768,Whisper,124,265,433,421
w34.jpg,576,768,Whisper,117,422,451,595
w34.jpg,576,768,Pampers,92,207,182,230
w34.jpg,576,768,Pampers,87,244,190,265
w34.jpg,576,768,Pampers,246,66,420,186
w34.jpg,576,768,Pampers,97,1,176,74
w34.jpg,576,768,Pampers,421,74,565,120
Pampers35.jpg,800,600,Pampers,69,46,400,425
Pampers35.jpg,800,600,Pampers,468,52,792,512
Pampers21.jpg,1024,768,Pampers,240,515,387,644
Pampers21.jpg,1024,768,Pampers,373,506,517,655
Pampers21.jpg,1024,768,Pampers,509,512,666,645
Pampers21.jpg,1024,768,Pampers,216,630,374,752
Pampers21.jpg,1024,768,Pampers,372,632,524,753
Pampers21.jpg,1024,768,Pampers,508,626,673,748
Pampers21.jpg,1024,768,Pampers,271,291,410,358
Pampers21.jpg,1024,768,Pampers,123,288,278,365
Pampers21.jpg,1024,768,Pampers,143,190,278,281
Pampers21.jpg,1024,768,Pampers,268,185,411,297
Pampers21.jpg,1024,768,Pampers,291,88,395,191
Pampers21.jpg,1024,768,Pampers,910,465,1024,611
Pampers21.jpg,1024,768,Pampers,932,605,1024,730
Ariel69.jpg,1024,768,Ariel,429,190,756,515
Ariel41.jpg,800,600,Ariel,133,146,251,286
Ariel41.jpg,800,600,Ariel,280,150,408,312
Ariel55.jpg,576,768,Ariel,194,412,283,497
Ariel55.jpg,576,768,Ariel,306,412,401,511
Ariel55.jpg,576,768,Ariel,430,413,509,521
Ariel55.jpg,576,768,Ariel,345,179,407,248
Ariel55.jpg,576,768,Ariel,246,177,313,254
Ariel55.jpg,576,768,Ariel,149,180,214,250
Ariel55.jpg,576,768,Ariel,60,184,117,243
Tide14.jpg,1024,768,Tide,354,362,553,558
Tide14.jpg,1024,768,Tide,759,369,861,479
Pampers134.jpg,1024,640,Pampers,184,220,491,565
Pampers134.jpg,1024,640,Pampers,525,217,766,501
Pampers5.jpg,768,1024,Pampers,107,387,321,687
Pampers5.jpg,768,1024,Pampers,318,355,672,659
Tide28.jpg,488,650,Tide,111,229,368,479
Pampers108.jpg,960,960,Pampers,79,234,900,704
HS20.jpg,576,768,Head_&_Shoulders,128,129,321,698
HS20.jpg,576,768,Head_&_Shoulders,307,79,522,724
Pantene9.jpg,768,1024,Pantene,83,353,337,963
Pantene9.jpg,768,1024,Pantene,366,339,590,1003
Pantene9.jpg,768,1024,Pantene,578,305,768,1024
Pantene9.jpg,768,1024,Pantene,1,487,108,847
Pantene17.jpg,768,1024,Pantene,305,270,569,916
Pantene13.jpg,576,768,Pantene,121,229,297,686
Pantene13.jpg,576,768,Pantene,271,197,476,676
HS24.jpg,400,400,Head_&_Shoulders,117,21,269,375
HS18.jpg,576,768,Head_&_Shoulders,1,404,51,674
HS18.jpg,576,768,Head_&_Shoulders,45,412,155,653
HS18.jpg,576,768,Head_&_Shoulders,150,404,244,653
HS18.jpg,576,768,Head_&_Shoulders,248,415,338,672
HS18.jpg,576,768,Head_&_Shoulders,337,337,457,652
Pampers1.jpg,768,1024,Pampers,246,301,588,648
Pampers124.jpg,1024,670,Pampers,43,55,171,185
Pampers124.jpg,1024,670,Pampers,170,42,315,198
Pampers124.jpg,1024,670,Pampers,320,27,456,193
Pampers124.jpg,1024,670,Pampers,457,48,588,182
Pampers124.jpg,1024,670,Pampers,588,22,736,189
Pampers124.jpg,1024,670,Pampers,737,4,880,223
Pampers124.jpg,1024,670,Pampers,656,252,813,540
Pampers124.jpg,1024,670,Pampers,513,254,659,519
Pampers124.jpg,1024,670,Pampers,353,239,495,472
Pampers124.jpg,1024,670,Pampers,219,244,353,471
Pampers124.jpg,1024,670,Pampers,82,235,235,451
Pampers124.jpg,1024,670,Pampers,134,510,243,656
Pampers124.jpg,1024,670,Pampers,376,526,506,668
Pampers124.jpg,1024,670,Pampers,505,540,647,668
Pampers124.jpg,1024,670,Pampers,646,547,791,669
Tide38.jpg,720,960,Tide,137,450,318,639
Tide38.jpg,720,960,Tide,394,450,584,645
Pampers118.jpg,1280,720,Pampers,170,23,1136,705
Ariel51.jpg,576,768,Ariel,383,187,457,285
Ariel51.jpg,576,768,Ariel,254,196,319,282
Ariel51.jpg,576,768,Ariel,137,191,217,282
Ariel51.jpg,576,768,Ariel,21,194,101,281
Ariel51.jpg,576,768,Ariel,191,481,294,590
Ariel51.jpg,576,768,Ariel,329,493,434,593
Ariel51.jpg,576,768,Ariel,480,496,576,602
Ariel45.jpg,640,480,Ariel,162,58,228,138
Ariel45.jpg,640,480,Ariel,253,58,324,146
Ariel45.jpg,640,480,Ariel,151,163,219,238
Ariel45.jpg,640,480,Ariel,252,161,322,240
Ariel45.jpg,640,480,Ariel,155,263,236,340
Ariel45.jpg,640,480,Ariel,254,260,327,341
Ariel45.jpg,640,480,Ariel,156,363,239,434
Ariel45.jpg,640,480,Ariel,256,358,322,427
Ariel45.jpg,640,480,Ariel,162,446,239,480
Ariel45.jpg,640,480,Ariel,260,447,332,480
Pampers19.jpg,1024,768,Pampers,140,83,902,720
w30.jpg,576,768,Whisper,51,205,183,369
w30.jpg,576,768,Whisper,187,179,337,373
w30.jpg,576,768,Whisper,22,376,189,503
w30.jpg,576,768,Whisper,181,358,362,510
w30.jpg,576,768,Whisper,353,315,555,523
w24.jpg,1024,768,Whisper,43,96,248,568
w24.jpg,1024,768,Whisper,240,144,409,568
w24.jpg,1024,768,Whisper,382,165,552,569
w24.jpg,1024,768,Whisper,522,177,689,566
w24.jpg,1024,768,Whisper,661,195,828,571
w24.jpg,1024,768,Whisper,789,203,984,555
w24.jpg,1024,768,Whisper,886,68,1008,166
w24.jpg,1024,768,Whisper,754,71,894,142
w24.jpg,1024,768,Whisper,613,65,739,120
w24.jpg,1024,768,Whisper,504,31,627,102
w24.jpg,1024,768,Whisper,604,21,741,81
w24.jpg,1024,768,Whisper,331,1,496,78
w24.jpg,1024,768,Whisper,830,6,969,60
w24.jpg,1024,768,Whisper,172,1,347,73
Pampers25.jpg,800,600,Pampers,271,89,698,582
Pampers25.jpg,800,600,Pampers,39,88,282,396
Pampers31.jpg,576,768,Pampers,98,156,478,577
w19.jpg,576,768,Whisper,82,92,396,360
w19.jpg,576,768,Whisper,65,305,411,601
w19.jpg,576,768,Whisper,375,285,576,599
Pampers30.jpg,576,768,Pampers,68,135,492,538
Pampers30.jpg,576,768,Pampers,70,512,559,749
Pampers24.jpg,576,768,Pampers,113,36,439,764
w25.jpg,1024,768,Whisper,71,375,413,604
w25.jpg,1024,768,Whisper,410,380,699,592
w25.jpg,1024,768,Whisper,681,375,983,584
w25.jpg,1024,768,Whisper,405,185,705,409
Pampers18.jpg,768,1024,Pampers,95,491,314,638
Pampers18.jpg,768,1024,Pampers,287,479,430,635
Pampers18.jpg,768,1024,Pampers,421,509,551,626
Pampers18.jpg,768,1024,Pampers,517,476,656,627
w31.jpg,1024,768,Whisper,196,300,443,469
w31.jpg,1024,768,Whisper,430,307,638,455
w31.jpg,1024,768,Whisper,626,298,837,445
w31.jpg,1024,768,Whisper,424,178,643,320
Ariel44.jpg,576,768,Ariel,132,47,216,149
Ariel44.jpg,576,768,Ariel,242,56,330,165
Ariel44.jpg,576,768,Ariel,115,183,213,280
Ariel44.jpg,576,768,Ariel,237,184,329,281
Ariel44.jpg,576,768,Ariel,140,307,227,389
Ariel44.jpg,576,768,Ariel,246,304,327,385
Ariel44.jpg,576,768,Ariel,149,415,233,489
Ariel44.jpg,576,768,Ariel,244,411,328,495
Ariel44.jpg,576,768,Ariel,156,505,232,577
Ariel44.jpg,576,768,Ariel,255,507,325,582
Ariel44.jpg,576,768,Ariel,168,593,245,656
Ariel44.jpg,576,768,Ariel,255,590,330,655
Ariel44.jpg,576,768,Ariel,172,656,242,720
Ariel44.jpg,576,768,Ariel,259,667,323,729
Ariel50.jpg,576,768,Ariel,127,351,442,631
Ariel50.jpg,576,768,Ariel,146,1,380,198
Pampers119.jpg,500,500,Pampers,70,57,432,431
Tide39.jpg,800,1067,Tide,60,515,314,774
Tide39.jpg,800,1067,Tide,524,499,661,693
Tide11.jpg,600,777,Tide,177,399,343,550
Pampers125.jpg,1024,685,Pampers,72,90,229,187
Pampers125.jpg,1024,685,Pampers,238,78,413,193
Pampers125.jpg,1024,685,Pampers,413,2,529,189
Pampers125.jpg,1024,685,Pampers,536,17,720,203
Pampers125.jpg,1024,685,Pampers,587,205,778,351
Pampers125.jpg,1024,685,Pampers,480,253,602,353
Pampers125.jpg,1024,685,Pampers,165,231,259,352
Pampers125.jpg,1024,685,Pampers,56,233,160,345
Pampers125.jpg,1024,685,Pampers,259,233,343,359
Pampers125.jpg,1024,685,Pampers,92,393,294,536
Pampers125.jpg,1024,685,Pampers,533,363,730,545
Pampers125.jpg,1024,685,Pampers,515,569,712,685
Pampers125.jpg,1024,685,Pampers,350,582,523,685
Pampers125.jpg,1024,685,Pampers,178,579,372,685
Pampers125.jpg,1024,685,Pampers,4,585,181,684
Pampers125.jpg,1024,685,Pampers,99,20,260,98
Pampers131.jpg,1024,640,Pampers,438,36,638,314
Pampers131.jpg,1024,640,Pampers,659,94,793,351
Pampers131.jpg,1024,640,Pampers,799,144,905,343
Pampers131.jpg,1024,640,Pampers,770,469,874,598
Pampers131.jpg,1024,640,Pampers,590,471,728,583
Pantene12.jpg,768,1024,Pantene,133,195,373,852
Pantene12.jpg,768,1024,Pantene,378,82,691,837
Pantene10.jpg,1280,960,Pantene,134,361,203,547
Pantene10.jpg,1280,960,Pantene,241,357,314,562
Pantene10.jpg,1280,960,Pantene,319,304,413,563
Pantene10.jpg,1280,960,Pantene,400,286,524,575
Pantene10.jpg,1280,960,Head_&_Shoulders,518,301,643,586
Pantene10.jpg,1280,960,Head_&_Shoulders,637,325,710,577
Pantene10.jpg,1280,960,Head_&_Shoulders,731,439,787,586
Pantene10.jpg,1280,960,Head_&_Shoulders,778,441,819,582
Pantene10.jpg,1280,960,Head_&_Shoulders,812,440,865,583
Pantene10.jpg,1280,960,Head_&_Shoulders,859,444,900,579
Pantene10.jpg,1280,960,Head_&_Shoulders,900,446,958,583
Pantene10.jpg,1280,960,Head_&_Shoulders,956,455,1010,589
Pantene10.jpg,1280,960,Head_&_Shoulders,1007,406,1090,591
HS33.jpg,957,720,Head_&_Shoulders,272,64,314,170
HS33.jpg,957,720,Head_&_Shoulders,316,64,353,171
HS33.jpg,957,720,Head_&_Shoulders,357,64,397,171
HS33.jpg,957,720,Head_&_Shoulders,402,64,441,170
HS33.jpg,957,720,Head_&_Shoulders,441,69,482,168
HS33.jpg,957,720,Head_&_Shoulders,489,65,525,165
HS33.jpg,957,720,Head_&_Shoulders,523,64,562,171
HS33.jpg,957,720,Head_&_Shoulders,556,63,597,169
HS33.jpg,957,720,Head_&_Shoulders,596,71,637,169
HS33.jpg,957,720,Head_&_Shoulders,639,65,671,167
HS33.jpg,957,720,Head_&_Shoulders,269,203,308,304
HS33.jpg,957,720,Head_&_Shoulders,303,201,341,305
HS33.jpg,957,720,Head_&_Shoulders,336,202,374,303
HS33.jpg,957,720,Head_&_Shoulders,371,203,411,300
HS33.jpg,957,720,Head_&_Shoulders,406,201,442,303
HS33.jpg,957,720,Head_&_Shoulders,441,202,478,302
HS33.jpg,957,720,Head_&_Shoulders,484,205,517,298
HS33.jpg,957,720,Head_&_Shoulders,516,200,554,301
HS33.jpg,957,720,Head_&_Shoulders,553,200,592,303
HS33.jpg,957,720,Head_&_Shoulders,590,195,629,299
HS33.jpg,957,720,Head_&_Shoulders,635,202,674,298
HS33.jpg,957,720,Head_&_Shoulders,276,366,319,469
HS33.jpg,957,720,Head_&_Shoulders,321,367,367,470
HS33.jpg,957,720,Head_&_Shoulders,365,366,410,468
HS33.jpg,957,720,Head_&_Shoulders,411,363,454,467
HS33.jpg,957,720,Head_&_Shoulders,448,360,496,470
HS33.jpg,957,720,Head_&_Shoulders,495,359,536,464
HS33.jpg,957,720,Head_&_Shoulders,536,362,578,468
HS33.jpg,957,720,Head_&_Shoulders,577,362,622,468
HS33.jpg,957,720,Head_&_Shoulders,622,364,669,469
HS33.jpg,957,720,Head_&_Shoulders,285,519,320,616
HS33.jpg,957,720,Head_&_Shoulders,319,521,353,614
HS33.jpg,957,720,Head_&_Shoulders,354,521,389,613
HS33.jpg,957,720,Head_&_Shoulders,384,514,418,619
HS33.jpg,957,720,Head_&_Shoulders,417,513,453,613
HS33.jpg,957,720,Head_&_Shoulders,451,511,490,613
HS33.jpg,957,720,Head_&_Shoulders,483,513,526,611
HS33.jpg,957,720,Head_&_Shoulders,522,512,558,613
HS33.jpg,957,720,Head_&_Shoulders,561,513,597,612
HS33.jpg,957,720,Head_&_Shoulders,594,515,633,613
HS33.jpg,957,720,Head_&_Shoulders,628,513,666,612
HS27.jpg,500,500,Head_&_Shoulders,163,38,335,484
Pampers127.jpg,1500,2000,Pampers,890,1498,1233,1806
Pampers127.jpg,1500,2000,Pampers,585,1577,877,1803
Pampers127.jpg,1500,2000,Pampers,279,1275,623,1621
Pampers127.jpg,1500,2000,Pampers,620,1216,931,1559
Pampers127.jpg,1500,2000,Pampers,1010,1190,1220,1452
Pampers127.jpg,1500,2000,Pampers,1215,1111,1408,1383
Pampers127.jpg,1500,2000,Pampers,1208,1418,1367,1665
Tide13.JPG,1600,1200,Tide,513,461,1126,1020
Pampers133.jpg,1024,640,Pampers,52,188,376,506
Pampers133.jpg,1024,640,Pampers,407,208,659,497
Pampers133.jpg,1024,640,Pampers,689,236,888,460
Pampers133.jpg,1024,640,Pampers,921,231,1024,462
Ariel46.jpg,576,768,Ariel,126,57,210,159
Ariel46.jpg,576,768,Ariel,237,50,320,157
Ariel46.jpg,576,768,Ariel,118,188,202,274
Ariel46.jpg,576,768,Ariel,242,191,324,277
Ariel46.jpg,576,768,Ariel,128,312,213,392
Ariel46.jpg,576,768,Ariel,239,306,324,392
Ariel46.jpg,576,768,Ariel,136,425,219,493
Ariel46.jpg,576,768,Ariel,245,428,316,496
Ariel46.jpg,576,768,Ariel,146,517,227,583
Ariel46.jpg,576,768,Ariel,241,517,324,585
Ariel46.jpg,576,768,Ariel,158,602,228,656
Ariel46.jpg,576,768,Ariel,251,600,324,661
Ariel46.jpg,576,768,Ariel,171,677,232,731
Ariel46.jpg,576,768,Ariel,260,681,316,731
Ariel52.jpg,1024,768,Ariel,83,390,233,552
Ariel52.jpg,1024,768,Ariel,318,371,469,557
Ariel52.jpg,1024,768,Ariel,565,416,711,570
Ariel52.jpg,1024,768,Ariel,814,420,962,615
w27.jpg,1024,768,Whisper,54,68,264,548
w27.jpg,1024,768,Whisper,261,101,426,558
w27.jpg,1024,768,Whisper,404,148,570,548
w27.jpg,1024,768,Whisper,541,144,707,546
w27.jpg,1024,768,Whisper,680,158,849,534
w27.jpg,1024,768,Whisper,812,172,1019,544
w27.jpg,1024,768,Whisper,526,5,649,78
w27.jpg,1024,768,Whisper,785,43,902,95
w27.jpg,1024,768,Whisper,645,15,793,109
w27.jpg,1024,768,Whisper,375,1,518,60
w27.jpg,1024,768,Whisper,911,37,1016,143
w33.jpg,1024,768,Whisper,19,350,341,591
w33.jpg,1024,768,Whisper,337,339,653,609
w33.jpg,1024,768,Whisper,636,272,1003,636
w33.jpg,1024,768,Whisper,92,46,336,363
w33.jpg,1024,768,Whisper,337,15,616,374
Pampers32.jpg,576,768,Pampers,36,172,486,748
Pampers26.jpg,576,768,Pampers,93,136,505,734
Pampers27.jpg,800,600,Pampers,204,97,522,468
Pampers27.jpg,800,600,Pampers,516,121,768,451
Pampers27.jpg,800,600,Pampers,276,448,530,596
Pampers27.jpg,800,600,Pampers,551,465,774,600
Pampers27.jpg,800,600,Pampers,1,175,151,589
Pampers33.jpg,576,768,Pampers,56,156,511,691
w32.jpg,1024,768,Whisper,17,342,333,581
w32.jpg,1024,768,Whisper,77,45,331,351
w32.jpg,1024,768,Whisper,318,1,603,343
w32.jpg,1024,768,Whisper,317,304,669,603
w32.jpg,1024,768,Whisper,653,229,1020,611
Ariel53.jpg,576,768,Ariel,80,381,233,516
Ariel53.jpg,576,768,Ariel,328,381,454,548
Ariel47.jpg,800,600,Ariel,185,109,291,226
Ariel47.jpg,800,600,Ariel,338,120,432,240
Ariel47.jpg,800,600,Ariel,147,264,277,370
Ariel47.jpg,800,600,Ariel,330,277,448,384
Ariel47.jpg,800,600,Ariel,155,436,282,540
Ariel47.jpg,800,600,Ariel,322,434,439,543
Pampers132.jpg,1024,640,Pampers,9,318,329,594
Pampers132.jpg,1024,640,Pampers,347,367,564,584
Pampers132.jpg,1024,640,Pampers,561,311,700,463
Pampers132.jpg,1024,640,Pampers,746,324,849,550
Pampers132.jpg,1024,640,Pampers,784,29,899,216
Pampers3.jpg,768,1024,Pampers,156,233,340,543
Pampers3.jpg,768,1024,Pampers,100,533,359,721
Pampers3.jpg,768,1024,Pampers,353,411,687,733
Tide12.jpg,3110,2333,Tide,1783,1056,2950,2023
Tide12.jpg,3110,2333,Tide,1033,1235,1468,1862
Tide12.jpg,3110,2333,Tide,644,1335,850,1650
HS26.jpg,500,500,Head_&_Shoulders,146,9,354,492
HS32.jpg,1365,1365,Head_&_Shoulders,441,9,919,1333
Pantene11.jpg,768,1024,Pantene,99,360,388,931
Pantene11.jpg,768,1024,Pantene,369,291,760,943
Pantene62.jpg,1280,960,Pantene,169,25,458,657
Pantene62.jpg,1280,960,Pantene,402,32,639,669
Pantene62.jpg,1280,960,Pantene,659,30,906,671
Pantene62.jpg,1280,960,Pantene,900,30,1131,652
Pantene62.jpg,1280,960,Pantene,1,104,265,638
Pantene62.jpg,1280,960,Pantene,1143,25,1280,695
w4.jpg,1024,768,Whisper,4,364,356,617
w4.jpg,1024,768,Whisper,352,389,677,612
w4.jpg,1024,768,Whisper,665,370,1016,610
w4.jpg,1024,768,Whisper,364,181,682,400
HS41.jpg,1024,640,Head_&_Shoulders,181,173,316,566
HS41.jpg,1024,640,Head_&_Shoulders,20,168,164,606
HS41.jpg,1024,640,Head_&_Shoulders,355,176,457,536
HS41.jpg,1024,640,Head_&_Shoulders,471,195,568,486
Tide61.jpg,576,768,Tide,146,405,304,530
Tide61.jpg,576,768,Tide,1,415,100,546
Pampers97.jpg,576,768,Pampers,67,164,480,700
Ariel20.jpg,682,1023,Ariel,107,547,247,705
Ariel20.jpg,682,1023,Ariel,278,517,399,657
Ariel20.jpg,682,1023,Ariel,448,457,542,613
Ariel20.jpg,682,1023,Ariel,574,464,643,576
Ariel20.jpg,682,1023,Ariel,521,129,625,248
Ariel20.jpg,682,1023,Ariel,528,14,609,121
Ariel20.jpg,682,1023,Ariel,309,829,438,979
Ariel20.jpg,682,1023,Ariel,144,801,286,957
Ariel34.jpg,1161,1161,Ariel,284,113,901,932
Pampers83.jpg,800,600,Pampers,119,1,461,314
Pampers54.jpg,800,600,Pampers,22,81,283,319
Pampers54.jpg,800,600,Pampers,260,92,537,370
Pampers54.jpg,800,600,Pampers,503,162,727,384
Pampers54.jpg,800,600,Pampers,29,305,320,530
Pampers54.jpg,800,600,Pampers,292,328,553,542
Pampers54.jpg,800,600,Pampers,535,367,776,565
Pampers40.jpg,576,768,Pampers,86,140,436,752
Pampers68.jpg,576,768,Pampers,140,9,460,648
w41.jpg,576,768,Whisper,51,129,548,393
w41.jpg,576,768,Whisper,35,381,573,642
w55.jpg,1024,683,Whisper,217,72,826,544
w54.jpeg,500,404,Whisper,4,78,495,346
Pampers69.jpg,576,768,Pampers,113,24,446,644
Pampers41.jpg,576,768,Pampers,308,129,576,762
Pampers41.jpg,576,768,Pampers,39,133,321,743
Pampers55.jpg,576,768,Pampers,213,107,482,396
Pampers55.jpg,576,768,Pampers,1,315,225,451
Pampers55.jpg,576,768,Pampers,184,429,483,566
Pampers55.jpg,576,768,Pampers,1,515,185,606
Tide9.jpg,478,269,Tide,32,151,106,233
Tide9.jpg,478,269,Tide,208,124,260,195
Tide9.jpg,478,269,Tide,330,106,384,170
Tide9.jpg,478,269,Tide,427,116,464,161
Ariel35.jpg,935,1024,Ariel,153,143,747,848
Pampers82.jpg,800,600,Pampers,44,96,428,396
Pampers82.jpg,800,600,Pampers,360,209,782,578
Pampers96.jpg,576,768,Pampers,50,179,496,704
Tide60.jpg,800,600,Tide,360,310,510,446
Tide60.jpg,800,600,Tide,140,315,298,448
Tide48.jpg,1500,1500,Tide,400,640,785,1019
HS40.jpg,1024,640,Head_&_Shoulders,67,60,232,526
w5.jpg,1024,768,Whisper,14,181,506,518
w5.jpg,1024,768,Whisper,519,274,1024,533
Pantene61.jpg,800,630,Pantene,303,56,495,630
Pantene61.jpg,800,630,Pantene,128,172,304,630
Pantene61.jpg,800,630,Pantene,478,174,655,627
Pantene49.jpg,768,815,Pantene,92,56,353,791
Pantene49.jpg,768,815,Pantene,324,1,628,796
HS42.jpg,1024,640,Head_&_Shoulders,152,124,237,295
HS42.jpg,1024,640,Head_&_Shoulders,47,121,138,284
HS42.jpg,1024,640,Head_&_Shoulders,254,124,322,297
HS42.jpg,1024,640,Head_&_Shoulders,337,129,405,292
HS42.jpg,1024,640,Head_&_Shoulders,428,131,490,296
HS42.jpg,1024,640,Head_&_Shoulders,510,135,570,301
HS42.jpg,1024,640,Head_&_Shoulders,585,98,649,296
HS42.jpg,1024,640,Head_&_Shoulders,649,143,726,295
HS42.jpg,1024,640,Head_&_Shoulders,11,381,89,554
HS42.jpg,1024,640,Head_&_Shoulders,100,358,179,547
HS42.jpg,1024,640,Head_&_Shoulders,180,377,243,537
HS42.jpg,1024,640,Head_&_Shoulders,252,383,324,533
HS42.jpg,1024,640,Head_&_Shoulders,326,338,399,524
HS42.jpg,1024,640,Head_&_Shoulders,410,385,474,532
HS42.jpg,1024,640,Head_&_Shoulders,479,346,543,527
HS42.jpg,1024,640,Head_&_Shoulders,541,343,601,515
HS42.jpg,1024,640,Head_&_Shoulders,718,336,770,511
HS42.jpg,1024,640,Head_&_Shoulders,667,359,717,509
Tide62.jpg,576,768,Tide,196,377,390,533
Ariel37.jpg,576,768,Ariel,222,435,312,527
Ariel37.jpg,576,768,Ariel,123,414,211,492
Ariel37.jpg,576,768,Ariel,318,477,434,564
Ariel37.jpg,576,768,Ariel,313,381,433,492
Ariel37.jpg,576,768,Ariel,197,332,305,437
Ariel37.jpg,576,768,Ariel,82,312,185,402
Ariel37.jpg,576,768,Ariel,21,154,142,284
Ariel37.jpg,576,768,Ariel,142,154,271,320
Ariel37.jpg,576,768,Ariel,287,181,448,384
Ariel37.jpg,576,768,Ariel,476,539,574,652
Ariel37.jpg,576,768,Ariel,485,399,576,522
Pampers43.jpg,576,768,Pampers,14,380,391,651
Pampers43.jpg,576,768,Pampers,314,9,565,476
Pampers43.jpg,576,768,Pampers,1,122,125,315
Pampers57.jpg,576,768,Pampers,270,296,508,455
Pampers57.jpg,576,768,Pampers,13,403,283,546
w56.jpg,590,590,Whisper,129,177,407,482
w42.jpg,576,768,Whisper,13,21,566,345
w42.jpg,576,768,Whisper,7,348,573,639
w43.jpg,466,466,Whisper,27,147,433,304
w57.jpg,800,468,Whisper,3,13,783,467
Pampers56.jpg,576,768,Pampers,338,365,441,472
Pampers56.jpg,576,768,Pampers,254,430,344,489
Pampers56.jpg,576,768,Pampers,173,436,256,503
Pampers56.jpg,576,768,Pampers,159,494,243,569
Pampers56.jpg,576,768,Pampers,242,493,342,549
Pampers56.jpg,576,768,Pampers,338,471,457,550
Pampers56.jpg,576,768,Pampers,455,466,553,532
Pampers56.jpg,576,768,Pampers,460,391,548,468
Pampers56.jpg,576,768,Pampers,356,251,442,332
Pampers56.jpg,576,768,Pampers,272,313,352,360
Pampers56.jpg,576,768,Pampers,225,345,270,382
Pampers56.jpg,576,768,Pampers,233,303,271,350
Pampers56.jpg,576,768,Pampers,451,253,550,306
Pampers56.jpg,576,768,Pampers,450,193,557,253
Pampers42.jpg,576,768,Pampers,189,484,576,768
Pampers42.jpg,576,768,Pampers,87,222,366,457
Pampers95.jpg,576,768,Pampers,34,151,446,640
Pampers81.jpg,800,600,Pampers,128,229,786,557
Ariel36.jpg,1024,768,Ariel,631,163,804,378
Ariel36.jpg,1024,768,Ariel,7,107,186,285
Ariel36.jpg,1024,768,Ariel,202,109,374,304
Ariel36.jpg,1024,768,Ariel,398,138,571,349
Ariel36.jpg,1024,768,Ariel,188,410,304,519
Ariel36.jpg,1024,768,Ariel,106,278,265,411
Ariel36.jpg,1024,768,Ariel,284,305,419,448
Ariel36.jpg,1024,768,Ariel,443,358,583,485
Ariel36.jpg,1024,768,Ariel,621,387,775,515
Ariel36.jpg,1024,768,Ariel,443,462,591,581
Ariel36.jpg,1024,768,Ariel,307,430,443,538
Ariel36.jpg,1024,768,Ariel,628,513,754,639
HS43.jpg,1024,640,Head_&_Shoulders,259,111,379,486
HS43.jpg,1024,640,Head_&_Shoulders,390,105,489,479
HS43.jpg,1024,640,Head_&_Shoulders,493,158,561,451
HS43.jpg,1024,640,Head_&_Shoulders,583,194,653,427
HS43.jpg,1024,640,Head_&_Shoulders,668,152,717,419
w6.jpg,800,600,Whisper,15,164,400,415
w6.jpg,800,600,Whisper,398,225,795,434
Pantene48.jpg,800,800,Pantene,241,1,559,800
Pantene60.jpg,1200,600,Pantene,106,35,340,584
Pantene60.jpg,1200,600,Pantene,329,30,539,579
Pantene60.jpg,1200,600,Pantene,547,25,788,592
Pantene60.jpg,1200,600,Pantene,746,1,893,365
Pantene60.jpg,1200,600,Pantene,910,21,1141,442
Pantene58.jpg,660,460,Pantene,110,92,245,419
Pantene58.jpg,660,460,Pantene,272,6,365,263
Pantene58.jpg,660,460,Pantene,20,7,132,260
Pantene58.jpg,660,460,Pantene,365,1,462,273
Pantene58.jpg,660,460,Pantene,457,1,553,281
Pantene58.jpg,660,460,Pantene,558,1,656,290
Pantene58.jpg,660,460,Pantene,195,1,288,269
Pantene64.jpg,900,871,Pantene,193,109,458,820
Pantene64.jpg,900,871,Pantene,433,89,747,809
HS47.jpg,1024,640,Head_&_Shoulders,83,455,150,605
HS47.jpg,1024,640,Head_&_Shoulders,150,463,208,597
HS47.jpg,1024,640,Head_&_Shoulders,205,444,268,598
HS47.jpg,1024,640,Head_&_Shoulders,266,439,322,594
HS47.jpg,1024,640,Head_&_Shoulders,321,434,378,591
HS47.jpg,1024,640,Head_&_Shoulders,371,423,432,583
HS47.jpg,1024,640,Head_&_Shoulders,546,446,597,570
HS47.jpg,1024,640,Head_&_Shoulders,480,451,520,549
HS47.jpg,1024,640,Head_&_Shoulders,422,442,463,554
HS47.jpg,1024,640,Head_&_Shoulders,650,431,697,566
HS47.jpg,1024,640,Head_&_Shoulders,698,447,745,561
HS47.jpg,1024,640,Head_&_Shoulders,743,461,787,546
HS47.jpg,1024,640,Head_&_Shoulders,793,454,832,555
HS47.jpg,1024,640,Head_&_Shoulders,54,182,139,385
HS47.jpg,1024,640,Head_&_Shoulders,142,201,222,384
HS47.jpg,1024,640,Head_&_Shoulders,220,210,298,378
HS47.jpg,1024,640,Head_&_Shoulders,301,194,371,374
HS47.jpg,1024,640,Head_&_Shoulders,368,206,442,381
HS47.jpg,1024,640,Head_&_Shoulders,433,214,508,367
HS47.jpg,1024,640,Head_&_Shoulders,511,171,579,367
HS47.jpg,1024,640,Head_&_Shoulders,592,208,650,362
HS47.jpg,1024,640,Head_&_Shoulders,663,202,706,353
HS47.jpg,1024,640,Head_&_Shoulders,711,175,780,356
HS47.jpg,1024,640,Head_&_Shoulders,790,206,837,358
w2.jpg,1024,768,Whisper,45,243,503,548
w2.jpg,1024,768,Whisper,495,289,1002,552
Ariel7.jpg,2000,2000,Ariel,686,1088,1324,1759
Tide67.jpg,1024,768,Tide,270,324,525,569
Tide67.jpg,1024,768,Tide,622,344,905,587
Tide67.jpg,1024,768,Tide,17,338,215,520
Pampers85.jpg,576,768,Pampers,44,141,364,362
Pampers85.jpg,576,768,Pampers,159,318,576,705
Ariel26.jpg,500,500,Ariel,331,250,465,436
w53.jpg,355,355,Whisper,23,69,330,265
Pampers46.jpg,800,600,Pampers,1,187,270,359
Pampers46.jpg,800,600,Pampers,283,190,626,387
Pampers46.jpg,800,600,Pampers,273,365,620,566
Pampers46.jpg,800,600,Pampers,1,357,285,547
Pampers46.jpg,800,600,Pampers,635,215,798,394
Pampers46.jpg,800,600,Pampers,656,387,800,558
Pampers52.jpg,800,600,Pampers,76,142,371,412
Pampers52.jpg,800,600,Pampers,16,382,385,593
Pampers52.jpg,800,600,Pampers,415,427,799,600
Pampers52.jpg,800,600,Pampers,432,157,718,467
Pampers52.jpg,800,600,Pampers,407,1,699,201
Pampers53.jpg,800,600,Pampers,214,134,447,329
Pampers53.jpg,800,600,Pampers,455,140,686,381
Pampers53.jpg,800,600,Pampers,662,203,800,381
Pampers53.jpg,800,600,Pampers,213,321,515,534
Pampers53.jpg,800,600,Pampers,494,353,720,551
Pampers53.jpg,800,600,Pampers,695,381,800,552
Pampers47.jpg,800,600,Pampers,70,249,212,341
Pampers47.jpg,800,600,Pampers,103,160,236,256
Pampers47.jpg,800,600,Pampers,230,237,423,340
Pampers47.jpg,800,600,Pampers,431,242,654,342
Pampers47.jpg,800,600,Pampers,682,152,800,238
Pampers47.jpg,800,600,Pampers,657,241,800,337
Pampers47.jpg,800,600,Pampers,1,453,148,593
Pampers47.jpg,800,600,Pampers,166,496,392,599
Pampers47.jpg,800,600,Pampers,398,508,664,599
Pampers47.jpg,800,600,Pampers,675,540,798,598
w46.jpg,1000,1000,Whisper,106,262,893,742
w52.JPG,1000,1000,Whisper,91,220,983,739
Pampers90.jpg,576,768,Pampers,9,131,341,450
Pampers90.jpg,576,768,Pampers,167,280,576,746
Ariel27.jpg,340,340,Ariel,129,115,221,253
Ariel33.jpg,590,800,Ariel,102,176,455,652
Pampers84.jpg,576,768,Pampers,44,115,522,601
Tide66.jpg,576,768,Tide,87,376,320,570
Tide66.jpg,576,768,Tide,418,354,576,561
w3.jpg,1024,768,Whisper,130,277,499,507
w3.jpg,1024,768,Whisper,489,304,881,511
w3.jpg,1024,768,Whisper,687,2,839,69
w3.jpg,1024,768,Whisper,573,1,700,38
w3.jpg,1024,768,Whisper,865,1,1002,74
HS46.jpg,1024,640,Head_&_Shoulders,158,60,237,242
HS46.jpg,1024,640,Head_&_Shoulders,250,55,332,251
HS46.jpg,1024,640,Head_&_Shoulders,335,62,418,237
HS46.jpg,1024,640,Head_&_Shoulders,421,72,515,249
HS46.jpg,1024,640,Head_&_Shoulders,511,74,586,244
HS46.jpg,1024,640,Head_&_Shoulders,592,69,675,234
HS46.jpg,1024,640,Head_&_Shoulders,685,71,760,245
HS46.jpg,1024,640,Head_&_Shoulders,771,75,841,235
HS46.jpg,1024,640,Head_&_Shoulders,848,59,921,248
HS46.jpg,1024,640,Head_&_Shoulders,161,301,240,492
HS46.jpg,1024,640,Head_&_Shoulders,238,296,314,494
HS46.jpg,1024,640,Head_&_Shoulders,307,327,381,485
HS46.jpg,1024,640,Head_&_Shoulders,397,291,445,482
HS46.jpg,1024,640,Head_&_Shoulders,454,314,519,485
HS46.jpg,1024,640,Head_&_Shoulders,515,325,589,478
HS46.jpg,1024,640,Head_&_Shoulders,592,297,653,478
HS46.jpg,1024,640,Head_&_Shoulders,656,329,731,485
HS46.jpg,1024,640,Head_&_Shoulders,738,323,801,482
HS46.jpg,1024,640,Head_&_Shoulders,801,290,864,487
HS46.jpg,1024,640,Head_&_Shoulders,862,326,928,472
Pantene65.jpg,682,498,Pantene,18,7,225,488
Pantene65.jpg,682,498,Pantene,244,10,449,482
Pantene65.jpg,682,498,Pantene,460,12,670,482
Pantene59.jpg,750,488,Pantene,91,3,331,473
Pantene59.jpg,750,488,Pantene,309,9,423,327
Pantene59.jpg,750,488,Pantene,424,15,525,335
Pantene59.jpg,750,488,Pantene,532,18,634,322
Pantene59.jpg,750,488,Pantene,631,38,737,326
Pantene59.jpg,750,488,Pantene,20,6,125,261
HS44.jpg,1024,640,Head_&_Shoulders,55,117,131,291
HS44.jpg,1024,640,Head_&_Shoulders,155,99,230,290
HS44.jpg,1024,640,Head_&_Shoulders,249,114,324,288
HS44.jpg,1024,640,Head_&_Shoulders,330,117,407,295
HS44.jpg,1024,640,Head_&_Shoulders,424,124,491,288
HS44.jpg,1024,640,Head_&_Shoulders,512,134,576,294
HS44.jpg,1024,640,Head_&_Shoulders,587,134,646,302
HS44.jpg,1024,640,Head_&_Shoulders,664,103,715,298
HS44.jpg,1024,640,Head_&_Shoulders,13,378,89,558
HS44.jpg,1024,640,Head_&_Shoulders,101,345,178,550
HS44.jpg,1024,640,Head_&_Shoulders,176,373,252,538
HS44.jpg,1024,640,Head_&_Shoulders,255,381,331,537
HS44.jpg,1024,640,Head_&_Shoulders,327,335,400,533
HS44.jpg,1024,640,Head_&_Shoulders,405,378,470,525
HS44.jpg,1024,640,Head_&_Shoulders,478,359,541,515
HS44.jpg,1024,640,Head_&_Shoulders,534,348,594,525
HS44.jpg,1024,640,Head_&_Shoulders,606,366,655,506
HS44.jpg,1024,640,Head_&_Shoulders,660,345,720,506
Ariel4.jpg,860,645,Ariel,1,141,132,311
Ariel4.jpg,860,645,Ariel,136,179,241,306
Ariel4.jpg,860,645,Ariel,307,205,390,305
Ariel4.jpg,860,645,Ariel,21,545,121,641
Tide64.jpg,800,600,Tide,213,250,442,481
Tide64.jpg,800,600,Tide,601,415,796,600
Tide58.jpg,800,600,Tide,177,261,254,342
Tide58.jpg,800,600,Tide,293,318,360,362
Tide58.jpg,800,600,Tide,479,324,548,375
Tide58.jpg,800,600,Tide,577,318,645,378
Tide58.jpg,800,600,Tide,326,135,397,197
Tide58.jpg,800,600,Tide,421,110,508,182
Tide58.jpg,800,600,Tide,540,103,618,180
Tide58.jpg,800,600,Tide,235,134,304,203
Tide58.jpg,800,600,Tide,157,137,220,193
Tide58.jpg,800,600,Tide,53,124,129,184
Tide58.jpg,800,600,Tide,373,328,429,381
Ariel19.jpg,860,645,Ariel,5,118,147,319
Ariel19.jpg,860,645,Ariel,149,193,227,303
Ariel19.jpg,860,645,Ariel,302,157,396,311
Ariel19.jpg,860,645,Ariel,14,498,128,645
Pampers92.jpg,576,768,Pampers,43,191,488,563
Pampers86.jpg,576,768,Pampers,159,232,516,587
Ariel31.jpg,1000,1000,Ariel,218,161,509,692
Ariel31.jpg,1000,1000,Ariel,572,380,885,867
w44.jpg,600,600,Whisper,36,118,560,412
Pampers79.jpg,800,600,Pampers,146,198,773,508
w50.jpg,500,500,Whisper,4,53,497,433
Pampers51.jpg,800,600,Pampers,154,190,655,443
Pampers51.jpg,800,600,Pampers,1,204,136,421
Pampers51.jpg,800,600,Pampers,1,1,165,215
Pampers45.jpg,800,600,Pampers,12,246,216,362
Pampers45.jpg,800,600,Pampers,219,269,460,390
Pampers45.jpg,800,600,Pampers,454,275,699,402
Pampers45.jpg,800,600,Pampers,188,390,459,517
Pampers45.jpg,800,600,Pampers,444,389,699,529
Pampers45.jpg,800,600,Pampers,1,368,195,509
Pampers45.jpg,800,600,Pampers,272,21,464,113
Pampers45.jpg,800,600,Pampers,468,12,688,106
Pampers45.jpg,800,600,Pampers,114,39,248,121
Pampers45.jpg,800,600,Pampers,697,7,800,101
Pampers44.jpg,576,768,Pampers,31,132,275,576
Pampers44.jpg,576,768,Pampers,210,163,430,531
Pampers44.jpg,576,768,Pampers,12,11,229,124
Pampers50.jpg,800,600,Pampers,160,202,639,404
Pampers50.jpg,800,600,Pampers,192,14,637,200
Pampers50.jpg,800,600,Pampers,629,152,800,404
Pampers78.jpg,576,768,Pampers,42,185,486,743
w45.jpg,466,466,Whisper,39,79,422,354
Pampers87.jpg,576,768,Pampers,1,261,408,667
Ariel30.jpg,447,449,Ariel,99,110,356,436
Ariel24.jpg,500,500,Ariel,19,90,244,364
Ariel24.jpg,500,500,Pampers,245,201,368,479
Pampers93.jpg,800,600,Pampers,13,178,376,539
Pampers93.jpg,800,600,Pampers,358,158,598,431
Ariel18.jpg,1023,896,Ariel,661,446,929,811
Ariel18.jpg,1023,896,Ariel,433,349,586,776
Ariel18.jpg,1023,896,Ariel,178,402,330,744
Tide59.jpg,800,600,Tide,107,317,213,419
Tide59.jpg,800,600,Tide,267,404,353,460
Tide59.jpg,800,600,Tide,517,400,608,470
Tide59.jpg,800,600,Tide,636,388,736,482
Tide59.jpg,800,600,Tide,186,146,276,221
Tide59.jpg,800,600,Tide,310,154,404,234
Tide59.jpg,800,600,Tide,436,118,554,206
Tide59.jpg,800,600,Tide,601,112,700,208
Tide59.jpg,800,600,Tide,85,145,163,214
Tide59.jpg,800,600,Tide,1,346,51,443
Tide65.jpg,576,768,Tide,179,395,260,472
Tide65.jpg,576,768,Tide,287,386,399,489
Tide65.jpg,576,768,Tide,452,388,569,485
Tide65.jpg,576,768,Tide,194,586,323,738
Tide65.jpg,576,768,Tide,42,628,131,754
Tide65.jpg,576,768,Tide,25,386,112,479
Ariel5.jpg,682,1023,Ariel,131,600,247,704
Ariel5.jpg,682,1023,Ariel,288,539,397,651
Ariel5.jpg,682,1023,Ariel,442,479,561,605
Ariel5.jpg,682,1023,Ariel,574,466,653,574
Ariel5.jpg,682,1023,Ariel,322,835,443,969
Ariel5.jpg,682,1023,Ariel,127,800,275,943
HS45.jpg,1024,640,Head_&_Shoulders,172,84,251,259
HS45.jpg,1024,640,Head_&_Shoulders,258,80,338,253
HS45.jpg,1024,640,Head_&_Shoulders,355,86,430,262
HS45.jpg,1024,640,Head_&_Shoulders,442,84,515,260
HS45.jpg,1024,640,Head_&_Shoulders,527,90,602,268
HS45.jpg,1024,640,Head_&_Shoulders,610,93,683,260
HS45.jpg,1024,640,Head_&_Shoulders,698,95,774,261
HS45.jpg,1024,640,Head_&_Shoulders,782,90,852,255
HS45.jpg,1024,640,Head_&_Shoulders,870,101,933,263
HS45.jpg,1024,640,Head_&_Shoulders,168,304,240,497
HS45.jpg,1024,640,Head_&_Shoulders,244,300,316,505
HS45.jpg,1024,640,Head_&_Shoulders,317,339,382,494
HS45.jpg,1024,640,Head_&_Shoulders,393,340,462,497
HS45.jpg,1024,640,Head_&_Shoulders,459,339,531,508
HS45.jpg,1024,640,Head_&_Shoulders,528,343,593,499
HS45.jpg,1024,640,Head_&_Shoulders,597,313,666,495
HS45.jpg,1024,640,Head_&_Shoulders,670,343,748,499
HS45.jpg,1024,640,Head_&_Shoulders,753,338,808,493
HS45.jpg,1024,640,Head_&_Shoulders,812,334,875,500
